# id,alpha
1,1.78444
2,1.79424
3,1.84905
4,1.38918
5,1.66465
