# id,alpha
1,-2.58036
2,-2.60207
3,-2.50544
4,-2.40986
5,-2.53690
