# id,alpha
1,0.21695
2,0.21178
3,0.22044
4,0.08589
5,0.21392
