# id,alpha
1,2.15400
2,2.06985
3,1.90539
4,1.03692
5,1.53342
