# id,alpha
1,2.16112
2,1.92343
3,1.90554
4,1.11688
5,1.85708
