# id,alpha
1,2.08133
2,1.46692
3,1.73063
4,0.89643
5,1.82927
