# id,alpha
1,2.15001
2,2.05685
3,1.87374
4,1.04046
5,1.51456
