# id,alpha
1,1.89759
2,1.97279
3,1.69251
4,0.91938
5,1.40058
