# id,alpha
1,1.91362
2,1.88725
3,1.98722
4,1.55985
5,1.93864
