# id,alpha
1,2.25067
2,2.05418
3,1.95554
4,1.10437
5,1.55742
